Fund Name,P1,P2,P3,P4,P5,Topsis Score,Rank
M1,0.81,0.66,3.7,34.1,9.82,0.319815550898369,6.0
M2,0.6,0.36,3.7,32.0,9.17,0.06552847396511052,8.0
M3,0.86,0.74,6.4,62.0,17.5,0.8119397318165988,2.0
M4,0.88,0.77,3.2,66.8,17.91,0.612642873014675,4.0
M5,0.92,0.85,4.2,56.2,15.54,0.6516836868981565,3.0
M6,0.65,0.42,4.7,45.5,12.82,0.31722053148577417,7.0
M7,0.95,0.9,6.7,55.0,15.89,0.828723250065596,1.0
M8,0.7,0.49,6.0,41.1,12.07,0.41030299552510485,5.0
