Fund Name,P1,P2,P3,P4,P5,Topsis Score,Rank
M1,0.81,0.66,3.7,34.1,9.82,0.7659452827018566,2.0
M2,0.6,0.36,3.7,32.0,9.17,0.9318514691780432,1.0
M3,0.86,0.74,6.4,62.0,17.5,0.1444818081931438,8.0
M4,0.88,0.77,3.2,66.8,17.91,0.37973212286271213,5.0
M5,0.92,0.85,4.2,56.2,15.54,0.3792534800222908,6.0
M6,0.65,0.42,4.7,45.5,12.82,0.6338654666183143,3.0
M7,0.95,0.9,6.7,55.0,15.89,0.1990744124102052,7.0
M8,0.7,0.49,6.0,41.1,12.07,0.570626441243731,4.0
